attack,name,pokedex_number,sp_attack,type1,type2,generation,type1_num,type2_num,,,,,,,,
49,Bulbasaur,1,65,grass,poison,1,12,4,,,,,,,normal,1
62,Ivysaur,2,80,grass,poison,1,12,4,,,,,,,fighting,2
100,Venusaur,3,122,grass,poison,1,12,4,,,,,,,flying,3
52,Charmander,4,60,fire,,1,10,0,,,,,,,poison,4
64,Charmeleon,5,80,fire,,1,10,0,,,,,,,ground,5
104,Charizard,6,159,fire,flying,1,10,3,,,,,,,rock,6
48,Squirtle,7,50,water,,1,11,0,,,,,,,bug,7
63,Wartortle,8,65,water,,1,11,0,,,,,,,ghost,8
103,Blastoise,9,135,water,,1,11,0,,,,,,,steel,9
30,Caterpie,10,20,bug,,1,7,0,,,,,,,fire,10
20,Metapod,11,25,bug,,1,7,0,,,,,,,water,11
45,Butterfree,12,90,bug,flying,1,7,3,,,,,,,grass,12
35,Weedle,13,20,bug,poison,1,7,4,,,,,,,electric,13
25,Kakuna,14,25,bug,poison,1,7,4,,,,,,,psychic,14
150,Beedrill,15,15,bug,poison,1,7,4,,,,,,,ice,15
45,Pidgey,16,35,normal,flying,1,1,3,,,,,,,dragon,16
60,Pidgeotto,17,50,normal,flying,1,1,3,,,,,,,dark,17
80,Pidgeot,18,135,normal,flying,1,1,3,,,,,,,fairy,18
56,Rattata,19,25,normal,dark,1,1,17,,,,,,,,0
71,Raticate,20,40,normal,dark,1,1,17,,,,,,,,
60,Spearow,21,31,normal,flying,1,1,3,,,,,,,,
90,Fearow,22,61,normal,flying,1,1,3,,,,,,,,
60,Ekans,23,40,poison,,1,4,0,,,,,,,,
95,Arbok,24,65,poison,,1,4,0,,,,,,,,
55,Pikachu,25,50,electric,,1,13,0,,,,,,,,
85,Raichu,26,95,electric,electric,1,13,13,,,,,,,,
75,Sandshrew,27,10,ground,ice,1,5,15,,,,,,,,
100,Sandslash,28,25,ground,ice,1,5,15,,,,,,,,
47,Nidoranâ™€,29,40,poison,,1,4,0,,,,,,,,
62,Nidorina,30,55,poison,,1,4,0,,,,,,,,
92,Nidoqueen,31,75,poison,ground,1,4,5,,,,,,,,
57,Nidoranâ™‚,32,40,poison,,1,4,0,,,,,,,,
72,Nidorino,33,55,poison,,1,4,0,,,,,,,,
102,Nidoking,34,85,poison,ground,1,4,5,,,,,,,,
45,Clefairy,35,60,fairy,,1,18,0,,,,,,,,
70,Clefable,36,95,fairy,,1,18,0,,,,,,,,
41,Vulpix,37,50,fire,ice,1,10,15,,,,,,,,
67,Ninetales,38,81,fire,ice,1,10,15,,,,,,,,
45,Jigglypuff,39,45,normal,fairy,1,1,18,,,,,,,,
70,Wigglytuff,40,85,normal,fairy,1,1,18,,,,,,,,
45,Zubat,41,30,poison,flying,1,4,3,,,,,,,,
80,Golbat,42,65,poison,flying,1,4,3,,,,,,,,
50,Oddish,43,75,grass,poison,1,12,4,,,,,,,,
65,Gloom,44,85,grass,poison,1,12,4,,,,,,,,
80,Vileplume,45,110,grass,poison,1,12,4,,,,,,,,
70,Paras,46,45,bug,grass,1,7,12,,,,,,,,
95,Parasect,47,60,bug,grass,1,7,12,,,,,,,,
55,Venonat,48,40,bug,poison,1,7,4,,,,,,,,
65,Venomoth,49,90,bug,poison,1,7,4,,,,,,,,
55,Diglett,50,35,ground,ground,1,5,5,,,,,,,,
100,Dugtrio,51,50,ground,ground,1,5,5,,,,,,,,
35,Meowth,52,50,normal,dark,1,1,17,,,,,,,,
60,Persian,53,75,normal,dark,1,1,17,,,,,,,,
52,Psyduck,54,65,water,,1,11,0,,,,,,,,
82,Golduck,55,95,water,,1,11,0,,,,,,,,
80,Mankey,56,35,fighting,,1,2,0,,,,,,,,
105,Primeape,57,60,fighting,,1,2,0,,,,,,,,
70,Growlithe,58,70,fire,,1,10,0,,,,,,,,
110,Arcanine,59,100,fire,,1,10,0,,,,,,,,
50,Poliwag,60,40,water,,1,11,0,,,,,,,,
65,Poliwhirl,61,50,water,,1,11,0,,,,,,,,
95,Poliwrath,62,70,water,fighting,1,11,2,,,,,,,,
20,Abra,63,105,psychic,,1,14,0,,,,,,,,
35,Kadabra,64,120,psychic,,1,14,0,,,,,,,,
50,Alakazam,65,175,psychic,,1,14,0,,,,,,,,
80,Machop,66,35,fighting,,1,2,0,,,,,,,,
100,Machoke,67,50,fighting,,1,2,0,,,,,,,,
130,Machamp,68,65,fighting,,1,2,0,,,,,,,,
75,Bellsprout,69,70,grass,poison,1,12,4,,,,,,,,
90,Weepinbell,70,85,grass,poison,1,12,4,,,,,,,,
105,Victreebel,71,100,grass,poison,1,12,4,,,,,,,,
40,Tentacool,72,50,water,poison,1,11,4,,,,,,,,
70,Tentacruel,73,80,water,poison,1,11,4,,,,,,,,
80,Geodude,74,30,rock,ground,1,6,5,,,,,,,,
95,Graveler,75,45,rock,ground,1,6,5,,,,,,,,
120,Golem,76,55,rock,ground,1,6,5,,,,,,,,
85,Ponyta,77,65,fire,,1,10,0,,,,,,,,
100,Rapidash,78,80,fire,,1,10,0,,,,,,,,
65,Slowpoke,79,40,water,psychic,1,11,14,,,,,,,,
75,Slowbro,80,130,water,psychic,1,11,14,,,,,,,,
35,Magnemite,81,95,electric,steel,1,13,9,,,,,,,,
60,Magneton,82,120,electric,steel,1,13,9,,,,,,,,
90,Farfetch'd,83,58,normal,flying,1,1,3,,,,,,,,
85,Doduo,84,35,normal,flying,1,1,3,,,,,,,,
110,Dodrio,85,60,normal,flying,1,1,3,,,,,,,,
45,Seel,86,45,water,,1,11,0,,,,,,,,
70,Dewgong,87,70,water,ice,1,11,15,,,,,,,,
80,Grimer,88,40,poison,poison,1,4,4,,,,,,,,
105,Muk,89,65,poison,poison,1,4,4,,,,,,,,
65,Shellder,90,45,water,,1,11,0,,,,,,,,
95,Cloyster,91,85,water,ice,1,11,15,,,,,,,,
35,Gastly,92,100,ghost,poison,1,8,4,,,,,,,,
50,Haunter,93,115,ghost,poison,1,8,4,,,,,,,,
65,Gengar,94,170,ghost,poison,1,8,4,,,,,,,,
45,Onix,95,30,rock,ground,1,6,5,,,,,,,,
48,Drowzee,96,43,psychic,,1,14,0,,,,,,,,
73,Hypno,97,73,psychic,,1,14,0,,,,,,,,
105,Krabby,98,25,water,,1,11,0,,,,,,,,
130,Kingler,99,50,water,,1,11,0,,,,,,,,
30,Voltorb,100,55,electric,,1,13,0,,,,,,,,
50,Electrode,101,80,electric,,1,13,0,,,,,,,,
40,Exeggcute,102,60,grass,psychic,1,12,14,,,,,,,,
105,Exeggutor,103,125,grass,psychic,1,12,14,,,,,,,,
50,Cubone,104,40,ground,,1,5,0,,,,,,,,
80,Marowak,105,50,ground,fire,1,5,10,,,,,,,,
120,Hitmonlee,106,35,fighting,,1,2,0,,,,,,,,
105,Hitmonchan,107,35,fighting,,1,2,0,,,,,,,,
55,Lickitung,108,60,normal,,1,1,0,,,,,,,,
65,Koffing,109,60,poison,,1,4,0,,,,,,,,
90,Weezing,110,85,poison,,1,4,0,,,,,,,,
85,Rhyhorn,111,30,ground,rock,1,5,6,,,,,,,,
130,Rhydon,112,45,ground,rock,1,5,6,,,,,,,,
5,Chansey,113,35,normal,,1,1,0,,,,,,,,
55,Tangela,114,100,grass,,1,12,0,,,,,,,,
125,Kangaskhan,115,60,normal,,1,1,0,,,,,,,,
40,Horsea,116,70,water,,1,11,0,,,,,,,,
65,Seadra,117,95,water,,1,11,0,,,,,,,,
67,Goldeen,118,35,water,,1,11,0,,,,,,,,
92,Seaking,119,65,water,,1,11,0,,,,,,,,
45,Staryu,120,70,water,,1,11,0,,,,,,,,
75,Starmie,121,100,water,psychic,1,11,14,,,,,,,,
45,Mr. Mime,122,100,psychic,fairy,1,14,18,,,,,,,,
110,Scyther,123,55,bug,flying,1,7,3,,,,,,,,
50,Jynx,124,115,ice,psychic,1,15,14,,,,,,,,
83,Electabuzz,125,95,electric,,1,13,0,,,,,,,,
95,Magmar,126,100,fire,,1,10,0,,,,,,,,
155,Pinsir,127,65,bug,,1,7,0,,,,,,,,
100,Tauros,128,40,normal,,1,1,0,,,,,,,,
10,Magikarp,129,15,water,,1,11,0,,,,,,,,
155,Gyarados,130,70,water,flying,1,11,3,,,,,,,,
85,Lapras,131,85,water,ice,1,11,15,,,,,,,,
48,Ditto,132,48,normal,,1,1,0,,,,,,,,
55,Eevee,133,45,normal,,1,1,0,,,,,,,,
65,Vaporeon,134,110,water,,1,11,0,,,,,,,,
65,Jolteon,135,110,electric,,1,13,0,,,,,,,,
130,Flareon,136,95,fire,,1,10,0,,,,,,,,
60,Porygon,137,85,normal,,1,1,0,,,,,,,,
40,Omanyte,138,90,rock,water,1,6,11,,,,,,,,
60,Omastar,139,115,rock,water,1,6,11,,,,,,,,
80,Kabuto,140,55,rock,water,1,6,11,,,,,,,,
115,Kabutops,141,65,rock,water,1,6,11,,,,,,,,
135,Aerodactyl,142,70,rock,flying,1,6,3,,,,,,,,
110,Snorlax,143,65,normal,,1,1,0,,,,,,,,
85,Articuno,144,95,ice,flying,1,15,3,,,,,,,,
90,Zapdos,145,125,electric,flying,1,13,3,,,,,,,,
100,Moltres,146,125,fire,flying,1,10,3,,,,,,,,
64,Dratini,147,50,dragon,,1,16,0,,,,,,,,
84,Dragonair,148,70,dragon,,1,16,0,,,,,,,,
134,Dragonite,149,100,dragon,flying,1,16,3,,,,,,,,
150,Mewtwo,150,194,psychic,,1,14,0,,,,,,,,
100,Mew,151,100,psychic,,1,14,0,,,,,,,,
49,Chikorita,152,49,grass,,2,12,0,,,,,,,,
62,Bayleef,153,63,grass,,2,12,0,,,,,,,,
82,Meganium,154,83,grass,,2,12,0,,,,,,,,
52,Cyndaquil,155,60,fire,,2,10,0,,,,,,,,
64,Quilava,156,80,fire,,2,10,0,,,,,,,,
84,Typhlosion,157,109,fire,,2,10,0,,,,,,,,
65,Totodile,158,44,water,,2,11,0,,,,,,,,
80,Croconaw,159,59,water,,2,11,0,,,,,,,,
105,Feraligatr,160,79,water,,2,11,0,,,,,,,,
46,Sentret,161,35,normal,,2,1,0,,,,,,,,
76,Furret,162,45,normal,,2,1,0,,,,,,,,
30,Hoothoot,163,36,normal,flying,2,1,3,,,,,,,,
50,Noctowl,164,86,normal,flying,2,1,3,,,,,,,,
20,Ledyba,165,40,bug,flying,2,7,3,,,,,,,,
35,Ledian,166,55,bug,flying,2,7,3,,,,,,,,
60,Spinarak,167,40,bug,poison,2,7,4,,,,,,,,
90,Ariados,168,60,bug,poison,2,7,4,,,,,,,,
90,Crobat,169,70,poison,flying,2,4,3,,,,,,,,
38,Chinchou,170,56,water,electric,2,11,13,,,,,,,,
58,Lanturn,171,76,water,electric,2,11,13,,,,,,,,
40,Pichu,172,35,electric,,2,13,0,,,,,,,,
25,Cleffa,173,45,fairy,,2,18,0,,,,,,,,
30,Igglybuff,174,40,normal,fairy,2,1,18,,,,,,,,
20,Togepi,175,40,fairy,,2,18,0,,,,,,,,
40,Togetic,176,80,fairy,flying,2,18,3,,,,,,,,
50,Natu,177,70,psychic,flying,2,14,3,,,,,,,,
75,Xatu,178,95,psychic,flying,2,14,3,,,,,,,,
40,Mareep,179,65,electric,,2,13,0,,,,,,,,
55,Flaaffy,180,80,electric,,2,13,0,,,,,,,,
95,Ampharos,181,165,electric,,2,13,0,,,,,,,,
80,Bellossom,182,90,grass,,2,12,0,,,,,,,,
20,Marill,183,20,water,fairy,2,11,18,,,,,,,,
50,Azumarill,184,60,water,fairy,2,11,18,,,,,,,,
100,Sudowoodo,185,30,rock,,2,6,0,,,,,,,,
75,Politoed,186,90,water,,2,11,0,,,,,,,,
35,Hoppip,187,35,grass,flying,2,12,3,,,,,,,,
45,Skiploom,188,45,grass,flying,2,12,3,,,,,,,,
55,Jumpluff,189,55,grass,flying,2,12,3,,,,,,,,
70,Aipom,190,40,normal,,2,1,0,,,,,,,,
30,Sunkern,191,30,grass,,2,12,0,,,,,,,,
75,Sunflora,192,105,grass,,2,12,0,,,,,,,,
65,Yanma,193,75,bug,flying,2,7,3,,,,,,,,
45,Wooper,194,25,water,ground,2,11,5,,,,,,,,
85,Quagsire,195,65,water,ground,2,11,5,,,,,,,,
65,Espeon,196,130,psychic,,2,14,0,,,,,,,,
65,Umbreon,197,60,dark,,2,17,0,,,,,,,,
85,Murkrow,198,85,dark,flying,2,17,3,,,,,,,,
75,Slowking,199,100,water,psychic,2,11,14,,,,,,,,
60,Misdreavus,200,85,ghost,,2,8,0,,,,,,,,
72,Unown,201,72,psychic,,2,14,0,,,,,,,,
33,Wobbuffet,202,33,psychic,,2,14,0,,,,,,,,
80,Girafarig,203,90,normal,psychic,2,1,14,,,,,,,,
65,Pineco,204,35,bug,,2,7,0,,,,,,,,
90,Forretress,205,60,bug,steel,2,7,9,,,,,,,,
70,Dunsparce,206,65,normal,,2,1,0,,,,,,,,
75,Gligar,207,35,ground,flying,2,5,3,,,,,,,,
125,Steelix,208,55,steel,ground,2,9,5,,,,,,,,
80,Snubbull,209,40,fairy,,2,18,0,,,,,,,,
120,Granbull,210,60,fairy,,2,18,0,,,,,,,,
95,Qwilfish,211,55,water,poison,2,11,4,,,,,,,,
150,Scizor,212,65,bug,steel,2,7,9,,,,,,,,
10,Shuckle,213,10,bug,rock,2,7,6,,,,,,,,
185,Heracross,214,40,bug,fighting,2,7,2,,,,,,,,
95,Sneasel,215,35,dark,ice,2,17,15,,,,,,,,
80,Teddiursa,216,50,normal,,2,1,0,,,,,,,,
130,Ursaring,217,75,normal,,2,1,0,,,,,,,,
40,Slugma,218,70,fire,,2,10,0,,,,,,,,
50,Magcargo,219,90,fire,rock,2,10,6,,,,,,,,
50,Swinub,220,30,ice,ground,2,15,5,,,,,,,,
100,Piloswine,221,60,ice,ground,2,15,5,,,,,,,,
55,Corsola,222,65,water,rock,2,11,6,,,,,,,,
65,Remoraid,223,65,water,,2,11,0,,,,,,,,
105,Octillery,224,105,water,,2,11,0,,,,,,,,
55,Delibird,225,65,ice,flying,2,15,3,,,,,,,,
40,Mantine,226,80,water,flying,2,11,3,,,,,,,,
80,Skarmory,227,40,steel,flying,2,9,3,,,,,,,,
60,Houndour,228,80,dark,fire,2,17,10,,,,,,,,
90,Houndoom,229,140,dark,fire,2,17,10,,,,,,,,
95,Kingdra,230,95,water,dragon,2,11,16,,,,,,,,
60,Phanpy,231,40,ground,,2,5,0,,,,,,,,
120,Donphan,232,60,ground,,2,5,0,,,,,,,,
80,Porygon2,233,105,normal,,2,1,0,,,,,,,,
95,Stantler,234,85,normal,,2,1,0,,,,,,,,
20,Smeargle,235,20,normal,,2,1,0,,,,,,,,
35,Tyrogue,236,35,fighting,,2,2,0,,,,,,,,
95,Hitmontop,237,35,fighting,,2,2,0,,,,,,,,
30,Smoochum,238,85,ice,psychic,2,15,14,,,,,,,,
63,Elekid,239,65,electric,,2,13,0,,,,,,,,
75,Magby,240,70,fire,,2,10,0,,,,,,,,
80,Miltank,241,40,normal,,2,1,0,,,,,,,,
10,Blissey,242,75,normal,,2,1,0,,,,,,,,
85,Raikou,243,115,electric,,2,13,0,,,,,,,,
115,Entei,244,90,fire,,2,10,0,,,,,,,,
75,Suicune,245,90,water,,2,11,0,,,,,,,,
64,Larvitar,246,45,rock,ground,2,6,5,,,,,,,,
84,Pupitar,247,65,rock,ground,2,6,5,,,,,,,,
164,Tyranitar,248,95,rock,dark,2,6,17,,,,,,,,
90,Lugia,249,90,psychic,flying,2,14,3,,,,,,,,
130,Ho-Oh,250,110,fire,flying,2,10,3,,,,,,,,
100,Celebi,251,100,psychic,grass,2,14,12,,,,,,,,
45,Treecko,252,65,grass,,3,12,0,,,,,,,,
65,Grovyle,253,85,grass,,3,12,0,,,,,,,,
110,Sceptile,254,145,grass,,3,12,0,,,,,,,,
60,Torchic,255,70,fire,,3,10,0,,,,,,,,
85,Combusken,256,85,fire,fighting,3,10,2,,,,,,,,
160,Blaziken,257,130,fire,fighting,3,10,2,,,,,,,,
70,Mudkip,258,50,water,,3,11,0,,,,,,,,
85,Marshtomp,259,60,water,ground,3,11,5,,,,,,,,
150,Swampert,260,95,water,ground,3,11,5,,,,,,,,
55,Poochyena,261,30,dark,,3,17,0,,,,,,,,
90,Mightyena,262,60,dark,,3,17,0,,,,,,,,
30,Zigzagoon,263,30,normal,,3,1,0,,,,,,,,
70,Linoone,264,50,normal,,3,1,0,,,,,,,,
45,Wurmple,265,20,bug,,3,7,0,,,,,,,,
35,Silcoon,266,25,bug,,3,7,0,,,,,,,,
70,Beautifly,267,100,bug,flying,3,7,3,,,,,,,,
35,Cascoon,268,25,bug,,3,7,0,,,,,,,,
50,Dustox,269,50,bug,poison,3,7,4,,,,,,,,
30,Lotad,270,40,water,grass,3,11,12,,,,,,,,
50,Lombre,271,60,water,grass,3,11,12,,,,,,,,
70,Ludicolo,272,90,water,grass,3,11,12,,,,,,,,
40,Seedot,273,30,grass,,3,12,0,,,,,,,,
70,Nuzleaf,274,60,grass,dark,3,12,17,,,,,,,,
100,Shiftry,275,90,grass,dark,3,12,17,,,,,,,,
55,Taillow,276,30,normal,flying,3,1,3,,,,,,,,
85,Swellow,277,75,normal,flying,3,1,3,,,,,,,,
30,Wingull,278,55,water,flying,3,11,3,,,,,,,,
50,Pelipper,279,95,water,flying,3,11,3,,,,,,,,
25,Ralts,280,45,psychic,fairy,3,14,18,,,,,,,,
35,Kirlia,281,65,psychic,fairy,3,14,18,,,,,,,,
85,Gardevoir,282,165,psychic,fairy,3,14,18,,,,,,,,
30,Surskit,283,50,bug,water,3,7,11,,,,,,,,
60,Masquerain,284,100,bug,flying,3,7,3,,,,,,,,
40,Shroomish,285,40,grass,,3,12,0,,,,,,,,
130,Breloom,286,60,grass,fighting,3,12,2,,,,,,,,
60,Slakoth,287,35,normal,,3,1,0,,,,,,,,
80,Vigoroth,288,55,normal,,3,1,0,,,,,,,,
160,Slaking,289,95,normal,,3,1,0,,,,,,,,
45,Nincada,290,30,bug,ground,3,7,5,,,,,,,,
90,Ninjask,291,50,bug,flying,3,7,3,,,,,,,,
90,Shedinja,292,30,bug,ghost,3,7,8,,,,,,,,
51,Whismur,293,51,normal,,3,1,0,,,,,,,,
71,Loudred,294,71,normal,,3,1,0,,,,,,,,
91,Exploud,295,91,normal,,3,1,0,,,,,,,,
60,Makuhita,296,20,fighting,,3,2,0,,,,,,,,
120,Hariyama,297,40,fighting,,3,2,0,,,,,,,,
20,Azurill,298,20,normal,fairy,3,1,18,,,,,,,,
45,Nosepass,299,45,rock,,3,6,0,,,,,,,,
45,Skitty,300,35,normal,,3,1,0,,,,,,,,
65,Delcatty,301,55,normal,,3,1,0,,,,,,,,
85,Sableye,302,85,dark,ghost,3,17,8,,,,,,,,
105,Mawile,303,55,steel,fairy,3,9,18,,,,,,,,
70,Aron,304,40,steel,rock,3,9,6,,,,,,,,
90,Lairon,305,50,steel,rock,3,9,6,,,,,,,,
140,Aggron,306,60,steel,rock,3,9,6,,,,,,,,
40,Meditite,307,40,fighting,psychic,3,2,14,,,,,,,,
100,Medicham,308,80,fighting,psychic,3,2,14,,,,,,,,
45,Electrike,309,65,electric,,3,13,0,,,,,,,,
75,Manectric,310,135,electric,,3,13,0,,,,,,,,
50,Plusle,311,85,electric,,3,13,0,,,,,,,,
40,Minun,312,75,electric,,3,13,0,,,,,,,,
73,Volbeat,313,47,bug,,3,7,0,,,,,,,,
47,Illumise,314,73,bug,,3,7,0,,,,,,,,
60,Roselia,315,100,grass,poison,3,12,4,,,,,,,,
43,Gulpin,316,43,poison,,3,4,0,,,,,,,,
73,Swalot,317,73,poison,,3,4,0,,,,,,,,
90,Carvanha,318,65,water,dark,3,11,17,,,,,,,,
140,Sharpedo,319,110,water,dark,3,11,17,,,,,,,,
70,Wailmer,320,70,water,,3,11,0,,,,,,,,
90,Wailord,321,90,water,,3,11,0,,,,,,,,
60,Numel,322,65,fire,ground,3,10,5,,,,,,,,
120,Camerupt,323,145,fire,ground,3,10,5,,,,,,,,
85,Torkoal,324,85,fire,,3,10,0,,,,,,,,
25,Spoink,325,70,psychic,,3,14,0,,,,,,,,
45,Grumpig,326,90,psychic,,3,14,0,,,,,,,,
60,Spinda,327,60,normal,,3,1,0,,,,,,,,
100,Trapinch,328,45,ground,,3,5,0,,,,,,,,
70,Vibrava,329,50,ground,dragon,3,5,16,,,,,,,,
100,Flygon,330,80,ground,dragon,3,5,16,,,,,,,,
85,Cacnea,331,85,grass,,3,12,0,,,,,,,,
115,Cacturne,332,115,grass,dark,3,12,17,,,,,,,,
40,Swablu,333,40,normal,flying,3,1,3,,,,,,,,
110,Altaria,334,110,dragon,flying,3,16,3,,,,,,,,
115,Zangoose,335,60,normal,,3,1,0,,,,,,,,
100,Seviper,336,100,poison,,3,4,0,,,,,,,,
55,Lunatone,337,95,rock,psychic,3,6,14,,,,,,,,
95,Solrock,338,55,rock,psychic,3,6,14,,,,,,,,
48,Barboach,339,46,water,ground,3,11,5,,,,,,,,
78,Whiscash,340,76,water,ground,3,11,5,,,,,,,,
80,Corphish,341,50,water,,3,11,0,,,,,,,,
120,Crawdaunt,342,90,water,dark,3,11,17,,,,,,,,
40,Baltoy,343,40,ground,psychic,3,5,14,,,,,,,,
70,Claydol,344,70,ground,psychic,3,5,14,,,,,,,,
41,Lileep,345,61,rock,grass,3,6,12,,,,,,,,
81,Cradily,346,81,rock,grass,3,6,12,,,,,,,,
95,Anorith,347,40,rock,bug,3,6,7,,,,,,,,
125,Armaldo,348,70,rock,bug,3,6,7,,,,,,,,
15,Feebas,349,10,water,,3,11,0,,,,,,,,
60,Milotic,350,100,water,,3,11,0,,,,,,,,
70,Castform,351,70,normal,,3,1,0,,,,,,,,
90,Kecleon,352,60,normal,,3,1,0,,,,,,,,
75,Shuppet,353,63,ghost,,3,8,0,,,,,,,,
165,Banette,354,93,ghost,,3,8,0,,,,,,,,
40,Duskull,355,30,ghost,,3,8,0,,,,,,,,
70,Dusclops,356,60,ghost,,3,8,0,,,,,,,,
68,Tropius,357,72,grass,flying,3,12,3,,,,,,,,
50,Chimecho,358,95,psychic,,3,14,0,,,,,,,,
150,Absol,359,115,dark,,3,17,0,,,,,,,,
23,Wynaut,360,23,psychic,,3,14,0,,,,,,,,
50,Snorunt,361,50,ice,,3,15,0,,,,,,,,
120,Glalie,362,120,ice,,3,15,0,,,,,,,,
40,Spheal,363,55,ice,water,3,15,11,,,,,,,,
60,Sealeo,364,75,ice,water,3,15,11,,,,,,,,
80,Walrein,365,95,ice,water,3,15,11,,,,,,,,
64,Clamperl,366,74,water,,3,11,0,,,,,,,,
104,Huntail,367,94,water,,3,11,0,,,,,,,,
84,Gorebyss,368,114,water,,3,11,0,,,,,,,,
90,Relicanth,369,45,water,rock,3,11,6,,,,,,,,
30,Luvdisc,370,40,water,,3,11,0,,,,,,,,
75,Bagon,371,40,dragon,,3,16,0,,,,,,,,
95,Shelgon,372,60,dragon,,3,16,0,,,,,,,,
145,Salamence,373,120,dragon,flying,3,16,3,,,,,,,,
55,Beldum,374,35,steel,psychic,3,9,14,,,,,,,,
75,Metang,375,55,steel,psychic,3,9,14,,,,,,,,
145,Metagross,376,105,steel,psychic,3,9,14,,,,,,,,
100,Regirock,377,50,rock,,3,6,0,,,,,,,,
50,Regice,378,100,ice,,3,15,0,,,,,,,,
75,Registeel,379,75,steel,,3,9,0,,,,,,,,
100,Latias,380,140,dragon,psychic,3,16,14,,,,,,,,
130,Latios,381,160,dragon,psychic,3,16,14,,,,,,,,
150,Kyogre,382,180,water,,3,11,0,,,,,,,,
180,Groudon,383,150,ground,,3,5,0,,,,,,,,
180,Rayquaza,384,180,dragon,flying,3,16,3,,,,,,,,
100,Jirachi,385,100,steel,psychic,3,9,14,,,,,,,,
95,Deoxys,386,95,psychic,,3,14,0,,,,,,,,
68,Turtwig,387,45,grass,,4,12,0,,,,,,,,
89,Grotle,388,55,grass,,4,12,0,,,,,,,,
109,Torterra,389,75,grass,ground,4,12,5,,,,,,,,
58,Chimchar,390,58,fire,,4,10,0,,,,,,,,
78,Monferno,391,78,fire,fighting,4,10,2,,,,,,,,
104,Infernape,392,104,fire,fighting,4,10,2,,,,,,,,
51,Piplup,393,61,water,,4,11,0,,,,,,,,
66,Prinplup,394,81,water,,4,11,0,,,,,,,,
86,Empoleon,395,111,water,steel,4,11,9,,,,,,,,
55,Starly,396,30,normal,flying,4,1,3,,,,,,,,
75,Staravia,397,40,normal,flying,4,1,3,,,,,,,,
120,Staraptor,398,50,normal,flying,4,1,3,,,,,,,,
45,Bidoof,399,35,normal,,4,1,0,,,,,,,,
85,Bibarel,400,55,normal,water,4,1,11,,,,,,,,
25,Kricketot,401,25,bug,,4,7,0,,,,,,,,
85,Kricketune,402,55,bug,,4,7,0,,,,,,,,
65,Shinx,403,40,electric,,4,13,0,,,,,,,,
85,Luxio,404,60,electric,,4,13,0,,,,,,,,
120,Luxray,405,95,electric,,4,13,0,,,,,,,,
30,Budew,406,50,grass,poison,4,12,4,,,,,,,,
70,Roserade,407,125,grass,poison,4,12,4,,,,,,,,
125,Cranidos,408,30,rock,,4,6,0,,,,,,,,
165,Rampardos,409,65,rock,,4,6,0,,,,,,,,
42,Shieldon,410,42,rock,steel,4,6,9,,,,,,,,
52,Bastiodon,411,47,rock,steel,4,6,9,,,,,,,,
29,Burmy,412,29,bug,,4,7,0,,,,,,,,
69,Wormadam,413,69,bug,grass,4,7,12,,,,,,,,
94,Mothim,414,94,bug,flying,4,7,3,,,,,,,,
30,Combee,415,30,bug,flying,4,7,3,,,,,,,,
80,Vespiquen,416,80,bug,flying,4,7,3,,,,,,,,
45,Pachirisu,417,45,electric,,4,13,0,,,,,,,,
65,Buizel,418,60,water,,4,11,0,,,,,,,,
105,Floatzel,419,85,water,,4,11,0,,,,,,,,
35,Cherubi,420,62,grass,,4,12,0,,,,,,,,
60,Cherrim,421,87,grass,,4,12,0,,,,,,,,
48,Shellos,422,57,water,,4,11,0,,,,,,,,
83,Gastrodon,423,92,water,ground,4,11,5,,,,,,,,
100,Ambipom,424,60,normal,,4,1,0,,,,,,,,
50,Drifloon,425,60,ghost,flying,4,8,3,,,,,,,,
80,Drifblim,426,90,ghost,flying,4,8,3,,,,,,,,
66,Buneary,427,44,normal,,4,1,0,,,,,,,,
136,Lopunny,428,54,normal,,4,1,0,,,,,,,,
60,Mismagius,429,105,ghost,,4,8,0,,,,,,,,
125,Honchkrow,430,105,dark,flying,4,17,3,,,,,,,,
55,Glameow,431,42,normal,,4,1,0,,,,,,,,
82,Purugly,432,64,normal,,4,1,0,,,,,,,,
30,Chingling,433,65,psychic,,4,14,0,,,,,,,,
63,Stunky,434,41,poison,dark,4,4,17,,,,,,,,
93,Skuntank,435,71,poison,dark,4,4,17,,,,,,,,
24,Bronzor,436,24,steel,psychic,4,9,14,,,,,,,,
89,Bronzong,437,79,steel,psychic,4,9,14,,,,,,,,
80,Bonsly,438,10,rock,,4,6,0,,,,,,,,
25,Mime Jr.,439,70,psychic,fairy,4,14,18,,,,,,,,
5,Happiny,440,15,normal,,4,1,0,,,,,,,,
65,Chatot,441,92,normal,flying,4,1,3,,,,,,,,
92,Spiritomb,442,92,ghost,dark,4,8,17,,,,,,,,
70,Gible,443,40,dragon,ground,4,16,5,,,,,,,,
90,Gabite,444,50,dragon,ground,4,16,5,,,,,,,,
170,Garchomp,445,120,dragon,ground,4,16,5,,,,,,,,
85,Munchlax,446,40,normal,,4,1,0,,,,,,,,
70,Riolu,447,35,fighting,,4,2,0,,,,,,,,
145,Lucario,448,140,fighting,steel,4,2,9,,,,,,,,
72,Hippopotas,449,38,ground,,4,5,0,,,,,,,,
112,Hippowdon,450,68,ground,,4,5,0,,,,,,,,
50,Skorupi,451,30,poison,bug,4,4,7,,,,,,,,
90,Drapion,452,60,poison,dark,4,4,17,,,,,,,,
61,Croagunk,453,61,poison,fighting,4,4,2,,,,,,,,
106,Toxicroak,454,86,poison,fighting,4,4,2,,,,,,,,
100,Carnivine,455,90,grass,,4,12,0,,,,,,,,
49,Finneon,456,49,water,,4,11,0,,,,,,,,
69,Lumineon,457,69,water,,4,11,0,,,,,,,,
20,Mantyke,458,60,water,flying,4,11,3,,,,,,,,
62,Snover,459,62,grass,ice,4,12,15,,,,,,,,
132,Abomasnow,460,132,grass,ice,4,12,15,,,,,,,,
120,Weavile,461,45,dark,ice,4,17,15,,,,,,,,
70,Magnezone,462,130,electric,steel,4,13,9,,,,,,,,
85,Lickilicky,463,80,normal,,4,1,0,,,,,,,,
140,Rhyperior,464,55,ground,rock,4,5,6,,,,,,,,
100,Tangrowth,465,110,grass,,4,12,0,,,,,,,,
123,Electivire,466,95,electric,,4,13,0,,,,,,,,
95,Magmortar,467,125,fire,,4,10,0,,,,,,,,
50,Togekiss,468,120,fairy,flying,4,18,3,,,,,,,,
76,Yanmega,469,116,bug,flying,4,7,3,,,,,,,,
110,Leafeon,470,60,grass,,4,12,0,,,,,,,,
60,Glaceon,471,130,ice,,4,15,0,,,,,,,,
95,Gliscor,472,45,ground,flying,4,5,3,,,,,,,,
130,Mamoswine,473,70,ice,ground,4,15,5,,,,,,,,
80,Porygon-Z,474,135,normal,,4,1,0,,,,,,,,
165,Gallade,475,65,psychic,fighting,4,14,2,,,,,,,,
55,Probopass,476,75,rock,steel,4,6,9,,,,,,,,
100,Dusknoir,477,65,ghost,,4,8,0,,,,,,,,
80,Froslass,478,80,ice,ghost,4,15,8,,,,,,,,
65,Rotom,479,105,electric,ghost,4,13,8,,,,,,,,
75,Uxie,480,75,psychic,,4,14,0,,,,,,,,
105,Mesprit,481,105,psychic,,4,14,0,,,,,,,,
125,Azelf,482,125,psychic,,4,14,0,,,,,,,,
120,Dialga,483,150,steel,dragon,4,9,16,,,,,,,,
120,Palkia,484,150,water,dragon,4,11,16,,,,,,,,
90,Heatran,485,130,fire,steel,4,10,9,,,,,,,,
160,Regigigas,486,80,normal,,4,1,0,,,,,,,,
120,Giratina,487,120,ghost,dragon,4,8,16,,,,,,,,
70,Cresselia,488,75,psychic,,4,14,0,,,,,,,,
80,Phione,489,80,water,,4,11,0,,,,,,,,
100,Manaphy,490,100,water,,4,11,0,,,,,,,,
90,Darkrai,491,135,dark,,4,17,0,,,,,,,,
103,Shaymin,492,120,grass,grass,4,12,12,,,,,,,,
120,Arceus,493,120,normal,,4,1,0,,,,,,,,
100,Victini,494,100,psychic,fire,5,14,10,,,,,,,,
45,Snivy,495,45,grass,,5,12,0,,,,,,,,
60,Servine,496,60,grass,,5,12,0,,,,,,,,
75,Serperior,497,75,grass,,5,12,0,,,,,,,,
63,Tepig,498,45,fire,,5,10,0,,,,,,,,
93,Pignite,499,70,fire,fighting,5,10,2,,,,,,,,
123,Emboar,500,100,fire,fighting,5,10,2,,,,,,,,
55,Oshawott,501,63,water,,5,11,0,,,,,,,,
75,Dewott,502,83,water,,5,11,0,,,,,,,,
100,Samurott,503,108,water,,5,11,0,,,,,,,,
55,Patrat,504,35,normal,,5,1,0,,,,,,,,
85,Watchog,505,60,normal,,5,1,0,,,,,,,,
60,Lillipup,506,25,normal,,5,1,0,,,,,,,,
80,Herdier,507,35,normal,,5,1,0,,,,,,,,
110,Stoutland,508,45,normal,,5,1,0,,,,,,,,
50,Purrloin,509,50,dark,,5,17,0,,,,,,,,
88,Liepard,510,88,dark,,5,17,0,,,,,,,,
53,Pansage,511,53,grass,,5,12,0,,,,,,,,
98,Simisage,512,98,grass,,5,12,0,,,,,,,,
53,Pansear,513,53,fire,,5,10,0,,,,,,,,
98,Simisear,514,98,fire,,5,10,0,,,,,,,,
53,Panpour,515,53,water,,5,11,0,,,,,,,,
98,Simipour,516,98,water,,5,11,0,,,,,,,,
25,Munna,517,67,psychic,,5,14,0,,,,,,,,
55,Musharna,518,107,psychic,,5,14,0,,,,,,,,
55,Pidove,519,36,normal,flying,5,1,3,,,,,,,,
77,Tranquill,520,50,normal,flying,5,1,3,,,,,,,,
115,Unfezant,521,65,normal,flying,5,1,3,,,,,,,,
60,Blitzle,522,50,electric,,5,13,0,,,,,,,,
100,Zebstrika,523,80,electric,,5,13,0,,,,,,,,
75,Roggenrola,524,25,rock,,5,6,0,,,,,,,,
105,Boldore,525,50,rock,,5,6,0,,,,,,,,
135,Gigalith,526,60,rock,,5,6,0,,,,,,,,
45,Woobat,527,55,psychic,flying,5,14,3,,,,,,,,
57,Swoobat,528,77,psychic,flying,5,14,3,,,,,,,,
85,Drilbur,529,30,ground,,5,5,0,,,,,,,,
135,Excadrill,530,50,ground,steel,5,5,9,,,,,,,,
60,Audino,531,80,normal,,5,1,0,,,,,,,,
80,Timburr,532,25,fighting,,5,2,0,,,,,,,,
105,Gurdurr,533,40,fighting,,5,2,0,,,,,,,,
140,Conkeldurr,534,55,fighting,,5,2,0,,,,,,,,
50,Tympole,535,50,water,,5,11,0,,,,,,,,
65,Palpitoad,536,65,water,ground,5,11,5,,,,,,,,
95,Seismitoad,537,85,water,ground,5,11,5,,,,,,,,
100,Throh,538,30,fighting,,5,2,0,,,,,,,,
125,Sawk,539,30,fighting,,5,2,0,,,,,,,,
53,Sewaddle,540,40,bug,grass,5,7,12,,,,,,,,
63,Swadloon,541,50,bug,grass,5,7,12,,,,,,,,
103,Leavanny,542,70,bug,grass,5,7,12,,,,,,,,
45,Venipede,543,30,bug,poison,5,7,4,,,,,,,,
55,Whirlipede,544,40,bug,poison,5,7,4,,,,,,,,
100,Scolipede,545,55,bug,poison,5,7,4,,,,,,,,
27,Cottonee,546,37,grass,fairy,5,12,18,,,,,,,,
67,Whimsicott,547,77,grass,fairy,5,12,18,,,,,,,,
35,Petilil,548,70,grass,,5,12,0,,,,,,,,
60,Lilligant,549,110,grass,,5,12,0,,,,,,,,
92,Basculin,550,80,water,,5,11,0,,,,,,,,
72,Sandile,551,35,ground,dark,5,5,17,,,,,,,,
82,Krokorok,552,45,ground,dark,5,5,17,,,,,,,,
117,Krookodile,553,65,ground,dark,5,5,17,,,,,,,,
90,Darumaka,554,15,fire,,5,10,0,,,,,,,,
30,Darmanitan,555,140,fire,fire,5,10,10,,,,,,,,
86,Maractus,556,106,grass,,5,12,0,,,,,,,,
65,Dwebble,557,35,bug,rock,5,7,6,,,,,,,,
105,Crustle,558,65,bug,rock,5,7,6,,,,,,,,
75,Scraggy,559,35,dark,fighting,5,17,2,,,,,,,,
90,Scrafty,560,45,dark,fighting,5,17,2,,,,,,,,
58,Sigilyph,561,103,psychic,flying,5,14,3,,,,,,,,
30,Yamask,562,55,ghost,,5,8,0,,,,,,,,
50,Cofagrigus,563,95,ghost,,5,8,0,,,,,,,,
78,Tirtouga,564,53,water,rock,5,11,6,,,,,,,,
108,Carracosta,565,83,water,rock,5,11,6,,,,,,,,
112,Archen,566,74,rock,flying,5,6,3,,,,,,,,
140,Archeops,567,112,rock,flying,5,6,3,,,,,,,,
50,Trubbish,568,40,poison,,5,4,0,,,,,,,,
95,Garbodor,569,60,poison,,5,4,0,,,,,,,,
65,Zorua,570,80,dark,,5,17,0,,,,,,,,
105,Zoroark,571,120,dark,,5,17,0,,,,,,,,
50,Minccino,572,40,normal,,5,1,0,,,,,,,,
95,Cinccino,573,65,normal,,5,1,0,,,,,,,,
30,Gothita,574,55,psychic,,5,14,0,,,,,,,,
45,Gothorita,575,75,psychic,,5,14,0,,,,,,,,
55,Gothitelle,576,95,psychic,,5,14,0,,,,,,,,
30,Solosis,577,105,psychic,,5,14,0,,,,,,,,
40,Duosion,578,125,psychic,,5,14,0,,,,,,,,
65,Reuniclus,579,125,psychic,,5,14,0,,,,,,,,
44,Ducklett,580,44,water,flying,5,11,3,,,,,,,,
87,Swanna,581,87,water,flying,5,11,3,,,,,,,,
50,Vanillite,582,65,ice,,5,15,0,,,,,,,,
65,Vanillish,583,80,ice,,5,15,0,,,,,,,,
95,Vanilluxe,584,110,ice,,5,15,0,,,,,,,,
60,Deerling,585,40,normal,grass,5,1,12,,,,,,,,
100,Sawsbuck,586,60,normal,grass,5,1,12,,,,,,,,
75,Emolga,587,75,electric,flying,5,13,3,,,,,,,,
75,Karrablast,588,40,bug,,5,7,0,,,,,,,,
135,Escavalier,589,60,bug,steel,5,7,9,,,,,,,,
55,Foongus,590,55,grass,poison,5,12,4,,,,,,,,
85,Amoonguss,591,85,grass,poison,5,12,4,,,,,,,,
40,Frillish,592,65,water,ghost,5,11,8,,,,,,,,
60,Jellicent,593,85,water,ghost,5,11,8,,,,,,,,
75,Alomomola,594,40,water,,5,11,0,,,,,,,,
47,Joltik,595,57,bug,electric,5,7,13,,,,,,,,
77,Galvantula,596,97,bug,electric,5,7,13,,,,,,,,
50,Ferroseed,597,24,grass,steel,5,12,9,,,,,,,,
94,Ferrothorn,598,54,grass,steel,5,12,9,,,,,,,,
55,Klink,599,45,steel,,5,9,0,,,,,,,,
80,Klang,600,70,steel,,5,9,0,,,,,,,,
100,Klinklang,601,70,steel,,5,9,0,,,,,,,,
55,Tynamo,602,45,electric,,5,13,0,,,,,,,,
85,Eelektrik,603,75,electric,,5,13,0,,,,,,,,
115,Eelektross,604,105,electric,,5,13,0,,,,,,,,
55,Elgyem,605,85,psychic,,5,14,0,,,,,,,,
75,Beheeyem,606,125,psychic,,5,14,0,,,,,,,,
30,Litwick,607,65,ghost,fire,5,8,10,,,,,,,,
40,Lampent,608,95,ghost,fire,5,8,10,,,,,,,,
55,Chandelure,609,145,ghost,fire,5,8,10,,,,,,,,
87,Axew,610,30,dragon,,5,16,0,,,,,,,,
117,Fraxure,611,40,dragon,,5,16,0,,,,,,,,
147,Haxorus,612,60,dragon,,5,16,0,,,,,,,,
70,Cubchoo,613,60,ice,,5,15,0,,,,,,,,
130,Beartic,614,70,ice,,5,15,0,,,,,,,,
50,Cryogonal,615,95,ice,,5,15,0,,,,,,,,
40,Shelmet,616,40,bug,,5,7,0,,,,,,,,
70,Accelgor,617,100,bug,,5,7,0,,,,,,,,
66,Stunfisk,618,81,ground,electric,5,5,13,,,,,,,,
85,Mienfoo,619,55,fighting,,5,2,0,,,,,,,,
125,Mienshao,620,95,fighting,,5,2,0,,,,,,,,
120,Druddigon,621,60,dragon,,5,16,0,,,,,,,,
74,Golett,622,35,ground,ghost,5,5,8,,,,,,,,
124,Golurk,623,55,ground,ghost,5,5,8,,,,,,,,
85,Pawniard,624,40,dark,steel,5,17,9,,,,,,,,
125,Bisharp,625,60,dark,steel,5,17,9,,,,,,,,
110,Bouffalant,626,40,normal,,5,1,0,,,,,,,,
83,Rufflet,627,37,normal,flying,5,1,3,,,,,,,,
123,Braviary,628,57,normal,flying,5,1,3,,,,,,,,
55,Vullaby,629,45,dark,flying,5,17,3,,,,,,,,
65,Mandibuzz,630,55,dark,flying,5,17,3,,,,,,,,
97,Heatmor,631,105,fire,,5,10,0,,,,,,,,
109,Durant,632,48,bug,steel,5,7,9,,,,,,,,
65,Deino,633,45,dark,dragon,5,17,16,,,,,,,,
85,Zweilous,634,65,dark,dragon,5,17,16,,,,,,,,
105,Hydreigon,635,125,dark,dragon,5,17,16,,,,,,,,
85,Larvesta,636,50,bug,fire,5,7,10,,,,,,,,
60,Volcarona,637,135,bug,fire,5,7,10,,,,,,,,
90,Cobalion,638,90,steel,fighting,5,9,2,,,,,,,,
129,Terrakion,639,72,rock,fighting,5,6,2,,,,,,,,
90,Virizion,640,90,grass,fighting,5,12,2,,,,,,,,
100,Tornadus,641,110,flying,,5,3,0,,,,,,,,
105,Thundurus,642,145,electric,flying,5,13,3,,,,,,,,
120,Reshiram,643,150,dragon,fire,5,16,10,,,,,,,,
150,Zekrom,644,120,dragon,electric,5,16,13,,,,,,,,
145,Landorus,645,105,ground,flying,5,5,3,,,,,,,,
120,Kyurem,646,170,dragon,ice,5,16,15,,,,,,,,
72,Keldeo,647,129,water,fighting,5,11,2,,,,,,,,
128,Meloetta,648,77,normal,psychic,5,1,14,,,,,,,,
120,Genesect,649,120,bug,steel,5,7,9,,,,,,,,
61,Chespin,650,48,grass,,6,12,0,,,,,,,,
78,Quilladin,651,56,grass,,6,12,0,,,,,,,,
107,Chesnaught,652,74,grass,fighting,6,12,2,,,,,,,,
45,Fennekin,653,62,fire,,6,10,0,,,,,,,,
59,Braixen,654,90,fire,,6,10,0,,,,,,,,
69,Delphox,655,114,fire,psychic,6,10,14,,,,,,,,
56,Froakie,656,62,water,,6,11,0,,,,,,,,
63,Frogadier,657,83,water,,6,11,0,,,,,,,,
145,Greninja,658,153,water,dark,6,11,17,,,,,,,,
36,Bunnelby,659,32,normal,,6,1,0,,,,,,,,
56,Diggersby,660,50,normal,ground,6,1,5,,,,,,,,
50,Fletchling,661,40,normal,flying,6,1,3,,,,,,,,
73,Fletchinder,662,56,fire,flying,6,10,3,,,,,,,,
81,Talonflame,663,74,fire,flying,6,10,3,,,,,,,,
35,Scatterbug,664,27,bug,,6,7,0,,,,,,,,
22,Spewpa,665,27,bug,,6,7,0,,,,,,,,
52,Vivillon,666,90,bug,flying,6,7,3,,,,,,,,
50,Litleo,667,73,fire,normal,6,10,1,,,,,,,,
68,Pyroar,668,109,fire,normal,6,10,1,,,,,,,,
38,FlabÃ©bÃ©,669,61,fairy,,6,18,0,,,,,,,,
65,Floette,670,125,fairy,,6,18,0,,,,,,,,
65,Florges,671,112,fairy,,6,18,0,,,,,,,,
65,Skiddo,672,62,grass,,6,12,0,,,,,,,,
100,Gogoat,673,97,grass,,6,12,0,,,,,,,,
82,Pancham,674,46,fighting,,6,2,0,,,,,,,,
124,Pangoro,675,69,fighting,dark,6,2,17,,,,,,,,
80,Furfrou,676,65,normal,,6,1,0,,,,,,,,
48,Espurr,677,63,psychic,,6,14,0,,,,,,,,
48,Meowstic,678,83,psychic,,6,14,0,,,,,,,,
80,Honedge,679,35,steel,ghost,6,9,8,,,,,,,,
110,Doublade,680,45,steel,ghost,6,9,8,,,,,,,,
150,Aegislash,681,150,steel,ghost,6,9,8,,,,,,,,
52,Spritzee,682,63,fairy,,6,18,0,,,,,,,,
72,Aromatisse,683,99,fairy,,6,18,0,,,,,,,,
48,Swirlix,684,59,fairy,,6,18,0,,,,,,,,
80,Slurpuff,685,85,fairy,,6,18,0,,,,,,,,
54,Inkay,686,37,dark,psychic,6,17,14,,,,,,,,
92,Malamar,687,68,dark,psychic,6,17,14,,,,,,,,
52,Binacle,688,39,rock,water,6,6,11,,,,,,,,
105,Barbaracle,689,54,rock,water,6,6,11,,,,,,,,
60,Skrelp,690,60,poison,water,6,4,11,,,,,,,,
75,Dragalge,691,97,poison,dragon,6,4,16,,,,,,,,
53,Clauncher,692,58,water,,6,11,0,,,,,,,,
73,Clawitzer,693,120,water,,6,11,0,,,,,,,,
38,Helioptile,694,61,electric,normal,6,13,1,,,,,,,,
55,Heliolisk,695,109,electric,normal,6,13,1,,,,,,,,
89,Tyrunt,696,45,rock,dragon,6,6,16,,,,,,,,
121,Tyrantrum,697,69,rock,dragon,6,6,16,,,,,,,,
59,Amaura,698,67,rock,ice,6,6,15,,,,,,,,
77,Aurorus,699,99,rock,ice,6,6,15,,,,,,,,
65,Sylveon,700,110,fairy,,6,18,0,,,,,,,,
92,Hawlucha,701,74,fighting,flying,6,2,3,,,,,,,,
58,Dedenne,702,81,electric,fairy,6,13,18,,,,,,,,
50,Carbink,703,50,rock,fairy,6,6,18,,,,,,,,
50,Goomy,704,55,dragon,,6,16,0,,,,,,,,
75,Sliggoo,705,83,dragon,,6,16,0,,,,,,,,
100,Goodra,706,110,dragon,,6,16,0,,,,,,,,
80,Klefki,707,80,steel,fairy,6,9,18,,,,,,,,
70,Phantump,708,50,ghost,grass,6,8,12,,,,,,,,
110,Trevenant,709,65,ghost,grass,6,8,12,,,,,,,,
66,Pumpkaboo,710,44,ghost,grass,6,8,12,,,,,,,,
100,Gourgeist,711,58,ghost,grass,6,8,12,,,,,,,,
69,Bergmite,712,32,ice,,6,15,0,,,,,,,,
117,Avalugg,713,44,ice,,6,15,0,,,,,,,,
30,Noibat,714,45,flying,dragon,6,3,16,,,,,,,,
70,Noivern,715,97,flying,dragon,6,3,16,,,,,,,,
131,Xerneas,716,131,fairy,,6,18,0,,,,,,,,
131,Yveltal,717,131,dark,flying,6,17,3,,,,,,,,
100,Zygarde,718,91,dragon,ground,6,16,5,,,,,,,,
160,Diancie,719,160,rock,fairy,6,6,18,,,,,,,,
160,Hoopa,720,170,psychic,ghost,6,14,8,,,,,,,,
110,Volcanion,721,130,fire,water,6,10,11,,,,,,,,
55,Rowlet,722,50,grass,flying,7,12,3,,,,,,,,
75,Dartrix,723,70,grass,flying,7,12,3,,,,,,,,
107,Decidueye,724,100,grass,ghost,7,12,8,,,,,,,,
65,Litten,725,60,fire,,7,10,0,,,,,,,,
85,Torracat,726,80,fire,,7,10,0,,,,,,,,
115,Incineroar,727,80,fire,dark,7,10,17,,,,,,,,
54,Popplio,728,66,water,,7,11,0,,,,,,,,
69,Brionne,729,91,water,,7,11,0,,,,,,,,
74,Primarina,730,126,water,fairy,7,11,18,,,,,,,,
75,Pikipek,731,30,normal,flying,7,1,3,,,,,,,,
85,Trumbeak,732,40,normal,flying,7,1,3,,,,,,,,
120,Toucannon,733,75,normal,flying,7,1,3,,,,,,,,
70,Yungoos,734,30,normal,,7,1,0,,,,,,,,
110,Gumshoos,735,55,normal,,7,1,0,,,,,,,,
62,Grubbin,736,55,bug,,7,7,0,,,,,,,,
82,Charjabug,737,55,bug,electric,7,7,13,,,,,,,,
70,Vikavolt,738,145,bug,electric,7,7,13,,,,,,,,
82,Crabrawler,739,42,fighting,,7,2,0,,,,,,,,
132,Crabominable,740,62,fighting,ice,7,2,15,,,,,,,,
70,Oricorio,741,98,fire,flying,7,10,3,,,,,,,,
45,Cutiefly,742,55,bug,fairy,7,7,18,,,,,,,,
55,Ribombee,743,95,bug,fairy,7,7,18,,,,,,,,
65,Rockruff,744,30,rock,,7,6,0,,,,,,,,
115,Lycanroc,745,55,rock,,7,6,0,,,,,,,,
140,Wishiwashi,746,140,water,,7,11,0,,,,,,,,
53,Mareanie,747,43,poison,water,7,4,11,,,,,,,,
63,Toxapex,748,53,poison,water,7,4,11,,,,,,,,
100,Mudbray,749,45,ground,,7,5,0,,,,,,,,
125,Mudsdale,750,55,ground,,7,5,0,,,,,,,,
40,Dewpider,751,40,water,bug,7,11,7,,,,,,,,
70,Araquanid,752,50,water,bug,7,11,7,,,,,,,,
55,Fomantis,753,50,grass,,7,12,0,,,,,,,,
105,Lurantis,754,80,grass,,7,12,0,,,,,,,,
35,Morelull,755,65,grass,fairy,7,12,18,,,,,,,,
45,Shiinotic,756,90,grass,fairy,7,12,18,,,,,,,,
44,Salandit,757,71,poison,fire,7,4,10,,,,,,,,
64,Salazzle,758,111,poison,fire,7,4,10,,,,,,,,
75,Stufful,759,45,normal,fighting,7,1,2,,,,,,,,
125,Bewear,760,55,normal,fighting,7,1,2,,,,,,,,
30,Bounsweet,761,30,grass,,7,12,0,,,,,,,,
40,Steenee,762,40,grass,,7,12,0,,,,,,,,
120,Tsareena,763,50,grass,,7,12,0,,,,,,,,
52,Comfey,764,82,fairy,,7,18,0,,,,,,,,
60,Oranguru,765,90,normal,psychic,7,1,14,,,,,,,,
120,Passimian,766,40,fighting,,7,2,0,,,,,,,,
35,Wimpod,767,20,bug,water,7,7,11,,,,,,,,
125,Golisopod,768,60,bug,water,7,7,11,,,,,,,,
55,Sandygast,769,70,ghost,ground,7,8,5,,,,,,,,
75,Palossand,770,100,ghost,ground,7,8,5,,,,,,,,
60,Pyukumuku,771,30,water,,7,11,0,,,,,,,,
95,Type: Null,772,95,normal,,7,1,0,,,,,,,,
95,Silvally,773,95,normal,,7,1,0,,,,,,,,
100,Minior,774,100,rock,flying,7,6,3,,,,,,,,
115,Komala,775,75,normal,,7,1,0,,,,,,,,
78,Turtonator,776,91,fire,dragon,7,10,16,,,,,,,,
98,Togedemaru,777,40,electric,steel,7,13,9,,,,,,,,
90,Mimikyu,778,50,ghost,fairy,7,8,18,,,,,,,,
105,Bruxish,779,70,water,psychic,7,11,14,,,,,,,,
60,Drampa,780,135,normal,dragon,7,1,16,,,,,,,,
131,Dhelmise,781,86,ghost,grass,7,8,12,,,,,,,,
55,Jangmo-o,782,45,dragon,,7,16,0,,,,,,,,
75,Hakamo-o,783,65,dragon,fighting,7,16,2,,,,,,,,
110,Kommo-o,784,100,dragon,fighting,7,16,2,,,,,,,,
115,Tapu Koko,785,95,electric,fairy,7,13,18,,,,,,,,
85,Tapu Lele,786,130,psychic,fairy,7,14,18,,,,,,,,
130,Tapu Bulu,787,85,grass,fairy,7,12,18,,,,,,,,
75,Tapu Fini,788,95,water,fairy,7,11,18,,,,,,,,
29,Cosmog,789,29,psychic,,7,14,0,,,,,,,,
29,Cosmoem,790,29,psychic,,7,14,0,,,,,,,,
137,Solgaleo,791,113,psychic,steel,7,14,9,,,,,,,,
113,Lunala,792,137,psychic,ghost,7,14,8,,,,,,,,
53,Nihilego,793,127,rock,poison,7,6,4,,,,,,,,
139,Buzzwole,794,53,bug,fighting,7,7,2,,,,,,,,
137,Pheromosa,795,137,bug,fighting,7,7,2,,,,,,,,
89,Xurkitree,796,173,electric,,7,13,0,,,,,,,,
101,Celesteela,797,107,steel,flying,7,9,3,,,,,,,,
181,Kartana,798,59,grass,steel,7,12,9,,,,,,,,
101,Guzzlord,799,97,dark,dragon,7,17,16,,,,,,,,
107,Necrozma,800,127,psychic,,7,14,0,,,,,,,,
95,Magearna,801,130,steel,fairy,7,9,18,,,,,,,,
959,Tinkaton,18,9,9,75,70
861,Grimmsnarl,17,18,8,120,95
